XXX ; /tmp/gals-1626704526/ ; 50-110% ; 600 ; 2 ; 10 ; 20000 ; 1200000 ; 12000 ; 66 ;    1.11 ;    2.03 ; 0;0.00 ; 0;0.00 ; 3918;0.33 
XXX ; /tmp/gals-1626705130/ ; 50-110% ; 600 ; 2 ; 10 ; 20000 ; 1200000 ; 12000 ; 66 ;    1.07 ;    2.06 ; 0;0.00 ; 0;0.00 ; 3066;0.26 
XXX ; /tmp/gals-1626705734/ ; 50-110% ; 600 ; 2 ; 10 ; 20000 ; 1200000 ; 12000 ; 59 ;    1.05 ;    2.05 ; 0;0.00 ; 0;0.00 ; 3107;0.26 
XXX ; /tmp/gals-1626706338/ ; 50-110% ; 600 ; 2 ; 10 ; 20000 ; 1200000 ; 12000 ; 61 ;    1.13 ;    2.07 ; 0;0.00 ; 0;0.00 ; 3440;0.29 
XXX ; /tmp/gals-1626706942/ ; 50-110% ; 600 ; 2 ; 10 ; 20000 ; 1200000 ; 12000 ; 62 ;    1.12 ;    2.02 ; 0;0.00 ; 0;0.00 ; 3716;0.31 
XXX ; /tmp/gals-1626707546/ ; 50-110% ; 600 ; 2 ; 20 ; 20000 ; 1200000 ; 23998 ; 49 ;    1.19 ;    2.00 ; 0;0.00 ; 0;0.00 ; 7261;0.61 
XXX ; /tmp/gals-1626708150/ ; 50-110% ; 600 ; 2 ; 20 ; 20000 ; 1200000 ; 23998 ; 60 ;    1.07 ;    2.03 ; 0;0.00 ; 0;0.00 ; 7428;0.62 
XXX ; /tmp/gals-1626708754/ ; 50-110% ; 600 ; 2 ; 20 ; 20000 ; 1200000 ; 23998 ; 59 ;    1.08 ;    2.05 ; 0;0.00 ; 0;0.00 ; 7284;0.61 
XXX ; /tmp/gals-1626709359/ ; 50-110% ; 600 ; 2 ; 20 ; 20000 ; 1200000 ; 23998 ; 59 ;    1.07 ;    2.05 ; 0;0.00 ; 0;0.00 ; 6789;0.57 
XXX ; /tmp/gals-1626709963/ ; 50-110% ; 600 ; 2 ; 20 ; 20000 ; 1200000 ; 23998 ; 58 ;    1.05 ;    2.02 ; 0;0.00 ; 0;0.00 ; 7528;0.63 
XXX ; /tmp/gals-1626710567/ ; 50-110% ; 600 ; 2 ; 40 ; 20000 ; 1200000 ; 47997 ; 62 ;    1.06 ;    2.03 ; 26;0.00 ; 54;0.11 ; 13995;1.17 
XXX ; /tmp/gals-1626711171/ ; 50-110% ; 600 ; 2 ; 40 ; 20000 ; 1200000 ; 48005 ; 57 ;    1.08 ;    2.07 ; 254;0.02 ; 61;0.13 ; 13283;1.11 
XXX ; /tmp/gals-1626711775/ ; 50-110% ; 600 ; 2 ; 40 ; 20000 ; 1200000 ; 48006 ; 49 ;    1.07 ;    2.08 ; 253;0.02 ; 51;0.11 ; 12655;1.05 
XXX ; /tmp/gals-1626712379/ ; 50-110% ; 600 ; 2 ; 40 ; 20000 ; 1200000 ; 48000 ; 65 ;    1.03 ;    2.40 ; 100;0.01 ; 65;0.14 ; 11629;0.97 
XXX ; /tmp/gals-1626712983/ ; 50-110% ; 600 ; 2 ; 40 ; 20000 ; 1200000 ; 47996 ; 55 ;    1.03 ;    2.31 ; 0;0.00 ; 56;0.12 ; 11710;0.98 
XXX ; /tmp/gals-1626713587/ ; 50-110% ; 600 ; 2 ; 50 ; 20000 ; 1200000 ; 60004 ; 62 ;    1.03 ;    2.13 ; 220;0.02 ; 136;0.23 ; 13668;1.14 
XXX ; /tmp/gals-1626714191/ ; 50-110% ; 600 ; 2 ; 50 ; 20000 ; 1200000 ; 59994 ; 58 ;    1.04 ;    2.10 ; 0;0.00 ; 128;0.21 ; 14207;1.18 
XXX ; /tmp/gals-1626714795/ ; 50-110% ; 600 ; 2 ; 50 ; 20000 ; 1200000 ; 59994 ; 61 ;    1.02 ;    2.05 ; 1;0.00 ; 124;0.21 ; 12923;1.08 
XXX ; /tmp/gals-1626715399/ ; 50-110% ; 600 ; 2 ; 50 ; 20000 ; 1200000 ; 59994 ; 60 ;    1.08 ;    2.05 ; 0;0.00 ; 130;0.22 ; 13009;1.08 
XXX ; /tmp/gals-1626716003/ ; 50-110% ; 600 ; 2 ; 50 ; 20000 ; 1200000 ; 59996 ; 55 ;    1.03 ;    2.04 ; 0;0.00 ; 128;0.21 ; 12867;1.07 
XXX ; /tmp/gals-1626716607/ ; 50-110% ; 600 ; 2 ; 100 ; 20000 ; 1200000 ; 119989 ; 65 ;    1.02 ;    2.11 ; 10;0.00 ; 392;0.33 ; 26720;2.23 
XXX ; /tmp/gals-1626717211/ ; 50-110% ; 600 ; 2 ; 100 ; 20000 ; 1200000 ; 119993 ; 61 ;    1.03 ;    2.10 ; 51;0.00 ; 397;0.33 ; 25260;2.11 
XXX ; /tmp/gals-1626717815/ ; 50-110% ; 600 ; 2 ; 100 ; 20000 ; 1200000 ; 120005 ; 56 ;    1.02 ;    2.21 ; 184;0.02 ; 379;0.32 ; 24915;2.08 
XXX ; /tmp/gals-1626718419/ ; 50-110% ; 600 ; 2 ; 100 ; 20000 ; 1200000 ; 119992 ; 54 ;    1.19 ;    2.15 ; 40;0.00 ; 368;0.31 ; 24569;2.05 
XXX ; /tmp/gals-1626719024/ ; 50-110% ; 600 ; 2 ; 100 ; 20000 ; 1200000 ; 119986 ; 63 ;    1.02 ;    2.17 ; 1;0.00 ; 379;0.32 ; 27315;2.28 
XXX ; /tmp/gals-1626719628/ ; 50-110% ; 600 ; 2 ; 10 ; 10000 ; 1200000 ; 12000 ; 109 ;    1.03 ;    2.01 ; 0;0.00 ; 0;0.00 ; 3592;0.30 
XXX ; /tmp/gals-1626720232/ ; 50-110% ; 600 ; 2 ; 10 ; 10000 ; 1200000 ; 12000 ; 113 ;    1.33 ;    2.03 ; 0;0.00 ; 0;0.00 ; 4336;0.36 
XXX ; /tmp/gals-1626720836/ ; 50-110% ; 600 ; 2 ; 10 ; 10000 ; 1200000 ; 12000 ; 119 ;    1.01 ;    2.03 ; 0;0.00 ; 0;0.00 ; 4158;0.35 
XXX ; /tmp/gals-1626721440/ ; 50-110% ; 600 ; 2 ; 10 ; 10000 ; 1200000 ; 12000 ; 114 ;    1.02 ;    2.03 ; 0;0.00 ; 0;0.00 ; 4029;0.34 
XXX ; /tmp/gals-1626722044/ ; 50-110% ; 600 ; 2 ; 10 ; 10000 ; 1200000 ; 12000 ; 118 ;    1.02 ;    2.05 ; 0;0.00 ; 0;0.00 ; 3632;0.30 
XXX ; /tmp/gals-1626722648/ ; 50-110% ; 600 ; 2 ; 20 ; 10000 ; 1200000 ; 23998 ; 119 ;    1.36 ;    2.03 ; 0;0.00 ; 0;0.00 ; 7839;0.65 
XXX ; /tmp/gals-1626723252/ ; 50-110% ; 600 ; 2 ; 20 ; 10000 ; 1200000 ; 23998 ; 118 ;    1.06 ;    2.02 ; 0;0.00 ; 0;0.00 ; 7616;0.63 
XXX ; /tmp/gals-1626723856/ ; 50-110% ; 600 ; 2 ; 20 ; 10000 ; 1200000 ; 23998 ; 116 ;    1.03 ;    2.07 ; 0;0.00 ; 0;0.00 ; 7870;0.66 
XXX ; /tmp/gals-1626724460/ ; 50-110% ; 600 ; 2 ; 20 ; 10000 ; 1200000 ; 23998 ; 123 ;    1.04 ;    2.04 ; 0;0.00 ; 0;0.00 ; 7840;0.65 
XXX ; /tmp/gals-1626725064/ ; 50-110% ; 600 ; 2 ; 20 ; 10000 ; 1200000 ; 23998 ; 117 ;    1.03 ;    2.03 ; 0;0.00 ; 0;0.00 ; 7639;0.64 
XXX ; /tmp/gals-1626725668/ ; 50-110% ; 600 ; 2 ; 40 ; 10000 ; 1200000 ; 48002 ; 125 ;    1.04 ;    2.11 ; 154;0.01 ; 61;0.13 ; 13785;1.15 
XXX ; /tmp/gals-1626726272/ ; 50-110% ; 600 ; 2 ; 40 ; 10000 ; 1200000 ; 47994 ; 110 ;    1.03 ;    2.21 ; 1;0.00 ; 59;0.12 ; 13279;1.11 
XXX ; /tmp/gals-1626726876/ ; 50-110% ; 600 ; 2 ; 40 ; 10000 ; 1200000 ; 47997 ; 127 ;    1.03 ;    2.05 ; 28;0.00 ; 57;0.12 ; 14027;1.17 
XXX ; /tmp/gals-1626727480/ ; 50-110% ; 600 ; 2 ; 40 ; 10000 ; 1200000 ; 48001 ; 123 ;    1.22 ;    2.05 ; 126;0.01 ; 69;0.14 ; 10871;0.91 
XXX ; /tmp/gals-1626728084/ ; 50-110% ; 600 ; 2 ; 40 ; 10000 ; 1200000 ; 48015 ; 120 ;    1.03 ;    2.14 ; 495;0.04 ; 63;0.13 ; 12629;1.05 
XXX ; /tmp/gals-1626728688/ ; 50-110% ; 600 ; 2 ; 50 ; 10000 ; 1200000 ; 60000 ; 121 ;    1.39 ;    2.10 ; 80;0.01 ; 164;0.27 ; 14914;1.24 
XXX ; /tmp/gals-1626729293/ ; 50-110% ; 600 ; 2 ; 50 ; 10000 ; 1200000 ; 59994 ; 121 ;    1.05 ;    2.03 ; 0;0.00 ; 166;0.28 ; 14899;1.24 
XXX ; /tmp/gals-1626729897/ ; 50-110% ; 600 ; 2 ; 50 ; 10000 ; 1200000 ; 59995 ; 127 ;    1.06 ;    2.06 ; 21;0.00 ; 167;0.28 ; 15195;1.27 
XXX ; /tmp/gals-1626730501/ ; 50-110% ; 600 ; 2 ; 50 ; 10000 ; 1200000 ; 59995 ; 121 ;    1.02 ;    2.08 ; 20;0.00 ; 171;0.29 ; 15830;1.32 
XXX ; /tmp/gals-1626731105/ ; 50-110% ; 600 ; 2 ; 50 ; 10000 ; 1200000 ; 59994 ; 124 ;    1.04 ;    2.04 ; 0;0.00 ; 176;0.29 ; 15301;1.28 
XXX ; /tmp/gals-1626731709/ ; 50-110% ; 600 ; 2 ; 100 ; 10000 ; 1200000 ; 119990 ; 116 ;    1.04 ;    2.15 ; 23;0.00 ; 492;0.41 ; 27500;2.29 
XXX ; /tmp/gals-1626732313/ ; 50-110% ; 600 ; 2 ; 100 ; 10000 ; 1200000 ; 120000 ; 113 ;    1.32 ;    2.21 ; 120;0.01 ; 489;0.41 ; 28401;2.37 
XXX ; /tmp/gals-1626732917/ ; 50-110% ; 600 ; 2 ; 100 ; 10000 ; 1200000 ; 119988 ; 110 ;    1.05 ;    2.24 ; 1;0.00 ; 466;0.39 ; 29034;2.42 
XXX ; /tmp/gals-1626733521/ ; 50-110% ; 600 ; 2 ; 100 ; 10000 ; 1200000 ; 119996 ; 116 ;    1.03 ;    2.22 ; 41;0.00 ; 501;0.42 ; 27542;2.30 
XXX ; /tmp/gals-1626734125/ ; 50-110% ; 600 ; 2 ; 100 ; 10000 ; 1200000 ; 119995 ; 126 ;    1.30 ;    2.18 ; 71;0.01 ; 515;0.43 ; 27958;2.33 
XXX ; /tmp/gals-1626734729/ ; 50-110% ; 600 ; 2 ; 10 ; 2000 ; 1200000 ; 12000 ; 599 ;    1.77 ;    2.05 ; 1;0.00 ; 0;0.00 ; 7076;0.59 
XXX ; /tmp/gals-1626735333/ ; 50-110% ; 600 ; 2 ; 10 ; 2000 ; 1200000 ; 12000 ; 615 ;    2.03 ;    2.14 ; 49;0.00 ; 0;0.00 ; 7521;0.63 
XXX ; /tmp/gals-1626735937/ ; 50-110% ; 600 ; 2 ; 10 ; 2000 ; 1200000 ; 12000 ; 620 ;    1.39 ;    2.06 ; 0;0.00 ; 0;0.00 ; 7212;0.60 
XXX ; /tmp/gals-1626736541/ ; 50-110% ; 600 ; 2 ; 10 ; 2000 ; 1200000 ; 12000 ; 580 ;    1.01 ;    2.06 ; 0;0.00 ; 0;0.00 ; 7544;0.63 
XXX ; /tmp/gals-1626737145/ ; 50-110% ; 600 ; 2 ; 10 ; 2000 ; 1200000 ; 12000 ; 590 ;    1.83 ;    2.07 ; 0;0.00 ; 0;0.00 ; 7263;0.61 
XXX ; /tmp/gals-1626737749/ ; 50-110% ; 600 ; 2 ; 20 ; 2000 ; 1200000 ; 23998 ; 578 ;    1.51 ;    2.05 ; 0;0.00 ; 0;0.00 ; 15060;1.25 
XXX ; /tmp/gals-1626738354/ ; 50-110% ; 600 ; 2 ; 20 ; 2000 ; 1200000 ; 23998 ; 599 ;    1.32 ;    2.05 ; 0;0.00 ; 0;0.00 ; 15412;1.28 
XXX ; /tmp/gals-1626738958/ ; 50-110% ; 600 ; 2 ; 20 ; 2000 ; 1200000 ; 23998 ; 595 ;    1.33 ;    2.06 ; 1;0.00 ; 0;0.00 ; 15907;1.33 
XXX ; /tmp/gals-1626739562/ ; 50-110% ; 600 ; 2 ; 20 ; 2000 ; 1200000 ; 23998 ; 601 ;    1.76 ;    2.05 ; 0;0.00 ; 0;0.00 ; 15783;1.32 
XXX ; /tmp/gals-1626740166/ ; 50-110% ; 600 ; 2 ; 20 ; 2000 ; 1200000 ; 23998 ; 622 ;    1.00 ;    2.05 ; 0;0.00 ; 0;0.00 ; 15876;1.32 
XXX ; /tmp/gals-1626740770/ ; 50-110% ; 600 ; 2 ; 40 ; 2000 ; 1200000 ; 47998 ; 610 ;    1.59 ;    2.12 ; 104;0.01 ; 66;0.14 ; 23839;1.99 
XXX ; /tmp/gals-1626741374/ ; 50-110% ; 600 ; 2 ; 40 ; 2000 ; 1200000 ; 48003 ; 607 ;    1.83 ;    2.12 ; 178;0.01 ; 81;0.17 ; 23682;1.97 
XXX ; /tmp/gals-1626741978/ ; 50-110% ; 600 ; 2 ; 40 ; 2000 ; 1200000 ; 48000 ; 592 ;    1.03 ;    2.07 ; 100;0.01 ; 72;0.15 ; 23091;1.92 
XXX ; /tmp/gals-1626742582/ ; 50-110% ; 600 ; 2 ; 40 ; 2000 ; 1200000 ; 48005 ; 584 ;    1.49 ;    2.25 ; 211;0.02 ; 81;0.17 ; 23067;1.92 
XXX ; /tmp/gals-1626743186/ ; 50-110% ; 600 ; 2 ; 40 ; 2000 ; 1200000 ; 48000 ; 601 ;    1.28 ;    2.10 ; 102;0.01 ; 87;0.18 ; 23286;1.94 
XXX ; /tmp/gals-1626743790/ ; 50-110% ; 600 ; 2 ; 50 ; 2000 ; 1200000 ; 60033 ; 586 ;    1.98 ;    2.09 ; 762;0.06 ; 468;0.78 ; 25874;2.16 
XXX ; /tmp/gals-1626744394/ ; 50-110% ; 600 ; 2 ; 50 ; 2000 ; 1200000 ; 59994 ; 602 ;    1.07 ;    2.02 ; 0;0.00 ; 478;0.80 ; 25499;2.12 
XXX ; /tmp/gals-1626744998/ ; 50-110% ; 600 ; 2 ; 50 ; 2000 ; 1200000 ; 59996 ; 592 ;    1.63 ;    2.06 ; 42;0.00 ; 480;0.80 ; 25225;2.10 
XXX ; /tmp/gals-1626745602/ ; 50-110% ; 600 ; 2 ; 50 ; 2000 ; 1200000 ; 60003 ; 596 ;    1.24 ;    2.08 ; 183;0.02 ; 469;0.78 ; 25083;2.09 
XXX ; /tmp/gals-1626746206/ ; 50-110% ; 600 ; 2 ; 50 ; 2000 ; 1200000 ; 59995 ; 589 ;    1.02 ;    2.05 ; 40;0.00 ; 466;0.78 ; 25276;2.11 
XXX ; /tmp/gals-1626746810/ ; 50-110% ; 600 ; 2 ; 100 ; 2000 ; 1200000 ; 119988 ; 605 ;    1.29 ;    2.09 ; 0;0.00 ; 1456;1.21 ; 38067;3.17 
XXX ; /tmp/gals-1626747414/ ; 50-110% ; 600 ; 2 ; 100 ; 2000 ; 1200000 ; 120420 ; 596 ;    1.45 ;    2.63 ; 4426;0.37 ; 1486;1.23 ; 37453;3.12 
XXX ; /tmp/gals-1626748018/ ; 50-110% ; 600 ; 2 ; 100 ; 2000 ; 1200000 ; 119990 ; 604 ;    1.13 ;    2.08 ; 0;0.00 ; 1456;1.21 ; 37831;3.15 
XXX ; /tmp/gals-1626748623/ ; 50-110% ; 600 ; 2 ; 100 ; 2000 ; 1200000 ; 119991 ; 602 ;    1.52 ;    2.10 ; 11;0.00 ; 1463;1.22 ; 37299;3.11 
XXX ; /tmp/gals-1626749227/ ; 50-110% ; 600 ; 2 ; 100 ; 2000 ; 1200000 ; 119988 ; 579 ;    1.87 ;    2.09 ; 1;0.00 ; 1408;1.17 ; 37587;3.13 
XXX ; /tmp/gals-1626749831/ ; 50-110% ; 600 ; 2 ; 10 ; 200 ; 1200000 ; 12006 ; 5883 ;    4.53 ;  107.61 ; 1548;0.13 ; 0;0.00 ; 40757;3.40 
XXX ; /tmp/gals-1626750435/ ; 50-110% ; 600 ; 2 ; 10 ; 200 ; 1200000 ; 12006 ; 5868 ;    5.00 ;   63.18 ; 1381;0.12 ; 0;0.00 ; 40670;3.39 
XXX ; /tmp/gals-1626751039/ ; 50-110% ; 600 ; 2 ; 10 ; 200 ; 1200000 ; 12006 ; 5871 ;    5.41 ;   64.92 ; 1302;0.11 ; 0;0.00 ; 41395;3.45 
XXX ; /tmp/gals-1626751643/ ; 50-110% ; 600 ; 2 ; 10 ; 200 ; 1200000 ; 12003 ; 5875 ;    4.35 ;   53.21 ; 1098;0.09 ; 0;0.00 ; 41657;3.47 
XXX ; /tmp/gals-1626752247/ ; 50-110% ; 600 ; 2 ; 10 ; 200 ; 1200000 ; 12006 ; 5883 ;    3.76 ;  136.67 ; 1709;0.14 ; 0;0.00 ; 41675;3.47 
XXX ; /tmp/gals-1626752851/ ; 50-110% ; 600 ; 2 ; 20 ; 200 ; 1200000 ; 24014 ; 5991 ;    3.30 ;    2.46 ; 1554;0.13 ; 0;0.00 ; 95445;7.95 
XXX ; /tmp/gals-1626753455/ ; 50-110% ; 600 ; 2 ; 20 ; 200 ; 1200000 ; 24015 ; 6056 ;    5.72 ;    2.49 ; 1561;0.13 ; 0;0.00 ; 94588;7.88 
XXX ; /tmp/gals-1626754059/ ; 50-110% ; 600 ; 2 ; 20 ; 200 ; 1200000 ; 24017 ; 5977 ;    5.07 ;    2.46 ; 2098;0.17 ; 0;0.00 ; 95359;7.95 
XXX ; /tmp/gals-1626754663/ ; 50-110% ; 600 ; 2 ; 20 ; 200 ; 1200000 ; 24018 ; 5964 ;    5.17 ;    2.46 ; 2027;0.17 ; 0;0.00 ; 94005;7.83 
XXX ; /tmp/gals-1626755267/ ; 50-110% ; 600 ; 2 ; 20 ; 200 ; 1200000 ; 24016 ; 6014 ;    3.55 ;    2.47 ; 1534;0.13 ; 0;0.00 ; 93795;7.82 
XXX ; /tmp/gals-1626755871/ ; 50-110% ; 600 ; 2 ; 40 ; 200 ; 1200000 ; 48096 ; 5973 ;    4.92 ;    2.42 ; 4280;0.36 ; 519;1.08 ; 129079;10.76 
XXX ; /tmp/gals-1626756475/ ; 50-110% ; 600 ; 2 ; 40 ; 200 ; 1200000 ; 48125 ; 6014 ;    4.58 ;    2.41 ; 6202;0.52 ; 423;0.88 ; 129225;10.77 
XXX ; /tmp/gals-1626757079/ ; 50-110% ; 600 ; 2 ; 40 ; 200 ; 1200000 ; 48122 ; 5953 ;    5.56 ;    2.41 ; 6118;0.51 ; 419;0.87 ; 128735;10.73 
XXX ; /tmp/gals-1626757683/ ; 50-110% ; 600 ; 2 ; 40 ; 200 ; 1200000 ; 48110 ; 5912 ;    5.52 ;    2.42 ; 5574;0.46 ; 442;0.92 ; 127467;10.62 
XXX ; /tmp/gals-1626758288/ ; 50-110% ; 600 ; 2 ; 40 ; 200 ; 1200000 ; 48123 ; 6008 ;    4.45 ;    2.45 ; 6236;0.52 ; 402;0.84 ; 129826;10.82 
XXX ; /tmp/gals-1626758892/ ; 50-110% ; 600 ; 2 ; 50 ; 200 ; 1200000 ; 60235 ; 5986 ;    6.44 ;    2.48 ; 9051;0.75 ; 2458;4.08 ; 133617;11.13 
XXX ; /tmp/gals-1626759496/ ; 50-110% ; 600 ; 2 ; 50 ; 200 ; 1200000 ; 60235 ; 5950 ;    3.39 ;    2.48 ; 9291;0.77 ; 2475;4.11 ; 132816;11.07 
XXX ; /tmp/gals-1626760100/ ; 50-110% ; 600 ; 2 ; 50 ; 200 ; 1200000 ; 60254 ; 6039 ;    5.75 ;    2.49 ; 9858;0.82 ; 2514;4.17 ; 133485;11.12 
XXX ; /tmp/gals-1626760704/ ; 50-110% ; 600 ; 2 ; 50 ; 200 ; 1200000 ; 60214 ; 5958 ;    3.89 ;    2.47 ; 8153;0.68 ; 2392;3.97 ; 132399;11.03 
XXX ; /tmp/gals-1626761308/ ; 50-110% ; 600 ; 2 ; 50 ; 200 ; 1200000 ; 60280 ; 6011 ;    3.51 ;    2.51 ; 10809;0.90 ; 2414;4.00 ; 133254;11.10 
XXX ; /tmp/gals-1626761912/ ; 50-110% ; 600 ; 2 ; 100 ; 200 ; 1200000 ; 121380 ; 6017 ;    5.29 ;    3.01 ; 22303;1.86 ; 10427;8.59 ; 145309;12.11 
XXX ; /tmp/gals-1626762516/ ; 50-110% ; 600 ; 2 ; 100 ; 200 ; 1200000 ; 121494 ; 5979 ;    4.03 ;    3.03 ; 23808;1.98 ; 10403;8.56 ; 143270;11.94 
XXX ; /tmp/gals-1626763120/ ; 50-110% ; 600 ; 2 ; 100 ; 200 ; 1200000 ; 121555 ; 6104 ;    4.73 ;    3.12 ; 25273;2.11 ; 10444;8.59 ; 146659;12.22 
XXX ; /tmp/gals-1626763724/ ; 50-110% ; 600 ; 2 ; 100 ; 200 ; 1200000 ; 121434 ; 5965 ;    4.02 ;    3.03 ; 23286;1.94 ; 10304;8.49 ; 144281;12.02 
XXX ; /tmp/gals-1626764328/ ; 50-110% ; 600 ; 2 ; 100 ; 200 ; 1200000 ; 121114 ; 6095 ;    4.64 ;    2.96 ; 17703;1.48 ; 10571;8.73 ; 146915;12.24 
XXX ; /tmp/gals-1626764932/ ; 50-110% ; 600 ; 5 ; 10 ; 50000 ; 3000000 ; 30000 ; 55 ;    1.32 ;    2.07 ; 5;0.00 ; 0;0.00 ; 8755;0.29 
XXX ; /tmp/gals-1626765536/ ; 50-110% ; 600 ; 5 ; 10 ; 50000 ; 3000000 ; 30000 ; 51 ;    1.64 ;    2.04 ; 7;0.00 ; 0;0.00 ; 8427;0.28 
XXX ; /tmp/gals-1626766140/ ; 50-110% ; 600 ; 5 ; 10 ; 50000 ; 3000000 ; 30000 ; 58 ;    1.46 ;    2.05 ; 0;0.00 ; 0;0.00 ; 9560;0.32 
XXX ; /tmp/gals-1626766745/ ; 50-110% ; 600 ; 5 ; 10 ; 50000 ; 3000000 ; 29999 ; 58 ;    1.41 ;    2.09 ; 2;0.00 ; 0;0.00 ; 9758;0.33 
XXX ; /tmp/gals-1626767349/ ; 50-110% ; 600 ; 5 ; 10 ; 50000 ; 3000000 ; 30000 ; 67 ;    1.44 ;    2.04 ; 1;0.00 ; 0;0.00 ; 7890;0.26 
XXX ; /tmp/gals-1626767953/ ; 50-110% ; 600 ; 5 ; 20 ; 50000 ; 3000000 ; 59995 ; 63 ;    1.59 ;    2.10 ; 0;0.00 ; 0;0.00 ; 15480;0.52 
XXX ; /tmp/gals-1626768557/ ; 50-110% ; 600 ; 5 ; 20 ; 50000 ; 3000000 ; 59995 ; 55 ;    1.83 ;    2.16 ; 11;0.00 ; 0;0.00 ; 16877;0.56 
XXX ; /tmp/gals-1626769161/ ; 50-110% ; 600 ; 5 ; 20 ; 50000 ; 3000000 ; 59995 ; 59 ;    1.61 ;    2.07 ; 22;0.00 ; 0;0.00 ; 16226;0.54 
XXX ; /tmp/gals-1626769765/ ; 50-110% ; 600 ; 5 ; 20 ; 50000 ; 3000000 ; 59995 ; 55 ;    1.68 ;    2.04 ; 9;0.00 ; 0;0.00 ; 15397;0.51 
XXX ; /tmp/gals-1626770369/ ; 50-110% ; 600 ; 5 ; 20 ; 50000 ; 3000000 ; 59995 ; 55 ;    1.58 ;    2.05 ; 0;0.00 ; 0;0.00 ; 16758;0.56 
XXX ; /tmp/gals-1626770973/ ; 50-110% ; 600 ; 5 ; 40 ; 50000 ; 3000000 ; 120030 ; 63 ;    1.63 ;    2.25 ; 1122;0.04 ; 175;0.15 ; 29646;0.99 
XXX ; /tmp/gals-1626771577/ ; 50-110% ; 600 ; 5 ; 40 ; 50000 ; 3000000 ; 120056 ; 58 ;    1.53 ;    2.26 ; 1743;0.06 ; 186;0.15 ; 30366;1.01 
XXX ; /tmp/gals-1626772181/ ; 50-110% ; 600 ; 5 ; 40 ; 50000 ; 3000000 ; 120057 ; 60 ;    1.40 ;    2.18 ; 1757;0.06 ; 181;0.15 ; 30347;1.01 
XXX ; /tmp/gals-1626772785/ ; 50-110% ; 600 ; 5 ; 40 ; 50000 ; 3000000 ; 120077 ; 64 ;    1.59 ;    2.36 ; 2278;0.08 ; 171;0.14 ; 29689;0.99 
XXX ; /tmp/gals-1626773389/ ; 50-110% ; 600 ; 5 ; 40 ; 50000 ; 3000000 ; 120043 ; 56 ;    1.61 ;    2.32 ; 1586;0.05 ; 190;0.16 ; 29213;0.97 
XXX ; /tmp/gals-1626773993/ ; 50-110% ; 600 ; 5 ; 50 ; 50000 ; 3000000 ; 150026 ; 61 ;    1.51 ;    2.20 ; 837;0.03 ; 337;0.22 ; 35599;1.19 
XXX ; /tmp/gals-1626774597/ ; 50-110% ; 600 ; 5 ; 50 ; 50000 ; 3000000 ; 150023 ; 49 ;    1.47 ;    2.35 ; 805;0.03 ; 315;0.21 ; 33994;1.13 
XXX ; /tmp/gals-1626775202/ ; 50-110% ; 600 ; 5 ; 50 ; 50000 ; 3000000 ; 150012 ; 60 ;    1.34 ;    2.12 ; 554;0.02 ; 306;0.20 ; 32922;1.10 
XXX ; /tmp/gals-1626775806/ ; 50-110% ; 600 ; 5 ; 50 ; 50000 ; 3000000 ; 150021 ; 54 ;    1.44 ;    2.31 ; 821;0.03 ; 311;0.21 ; 32085;1.07 
XXX ; /tmp/gals-1626776410/ ; 50-110% ; 600 ; 5 ; 50 ; 50000 ; 3000000 ; 150016 ; 56 ;    1.37 ;    2.27 ; 790;0.03 ; 319;0.21 ; 29991;1.00 
XXX ; /tmp/gals-1626777014/ ; 50-110% ; 600 ; 5 ; 100 ; 50000 ; 3000000 ; 300030 ; 58 ;    1.48 ;    2.40 ; 689;0.02 ; 977;0.33 ; 65931;2.20 
XXX ; /tmp/gals-1626777618/ ; 50-110% ; 600 ; 5 ; 100 ; 50000 ; 3000000 ; 300031 ; 64 ;    1.50 ;    2.44 ; 663;0.02 ; 1013;0.34 ; 67165;2.24 
XXX ; /tmp/gals-1626778222/ ; 50-110% ; 600 ; 5 ; 100 ; 50000 ; 3000000 ; 300046 ; 65 ;    1.32 ;    2.34 ; 760;0.03 ; 1008;0.34 ; 66836;2.23 
XXX ; /tmp/gals-1626778826/ ; 50-110% ; 600 ; 5 ; 100 ; 50000 ; 3000000 ; 300024 ; 54 ;    1.57 ;    2.46 ; 608;0.02 ; 947;0.32 ; 65137;2.17 
XXX ; /tmp/gals-1626779430/ ; 50-110% ; 600 ; 5 ; 100 ; 50000 ; 3000000 ; 300029 ; 66 ;    1.46 ;    2.39 ; 608;0.02 ; 1018;0.34 ; 66245;2.21 
XXX ; /tmp/gals-1626780034/ ; 50-110% ; 600 ; 5 ; 10 ; 25000 ; 3000000 ; 30000 ; 117 ;    1.62 ;    2.08 ; 16;0.00 ; 0;0.00 ; 9286;0.31 
XXX ; /tmp/gals-1626780638/ ; 50-110% ; 600 ; 5 ; 10 ; 25000 ; 3000000 ; 29996 ; 117 ;    1.41 ;    2.07 ; 2;0.00 ; 0;0.00 ; 8441;0.28 
XXX ; /tmp/gals-1626781242/ ; 50-110% ; 600 ; 5 ; 10 ; 25000 ; 3000000 ; 30000 ; 118 ;    1.94 ;    2.08 ; 8;0.00 ; 0;0.00 ; 9409;0.31 
XXX ; /tmp/gals-1626781847/ ; 50-110% ; 600 ; 5 ; 10 ; 25000 ; 3000000 ; 30000 ; 124 ;    1.57 ;    2.06 ; 1;0.00 ; 0;0.00 ; 9751;0.33 
XXX ; /tmp/gals-1626782451/ ; 50-110% ; 600 ; 5 ; 10 ; 25000 ; 3000000 ; 30000 ; 119 ;    1.67 ;    2.09 ; 14;0.00 ; 0;0.00 ; 10163;0.34 
XXX ; /tmp/gals-1626783055/ ; 50-110% ; 600 ; 5 ; 20 ; 25000 ; 3000000 ; 59995 ; 116 ;    1.41 ;    2.06 ; 57;0.00 ; 0;0.00 ; 16826;0.56 
XXX ; /tmp/gals-1626783659/ ; 50-110% ; 600 ; 5 ; 20 ; 25000 ; 3000000 ; 59995 ; 115 ;    1.70 ;    2.12 ; 1;0.00 ; 0;0.00 ; 15929;0.53 
XXX ; /tmp/gals-1626784263/ ; 50-110% ; 600 ; 5 ; 20 ; 25000 ; 3000000 ; 59995 ; 110 ;    1.50 ;    2.04 ; 4;0.00 ; 0;0.00 ; 16399;0.55 
XXX ; /tmp/gals-1626784867/ ; 50-110% ; 600 ; 5 ; 20 ; 25000 ; 3000000 ; 59995 ; 120 ;    1.82 ;    2.12 ; 15;0.00 ; 0;0.00 ; 17312;0.58 
XXX ; /tmp/gals-1626785471/ ; 50-110% ; 600 ; 5 ; 20 ; 25000 ; 3000000 ; 59995 ; 120 ;    1.45 ;    2.12 ; 1;0.00 ; 0;0.00 ; 16653;0.56 
XXX ; /tmp/gals-1626786075/ ; 50-110% ; 600 ; 5 ; 40 ; 25000 ; 3000000 ; 120043 ; 130 ;    1.66 ;    2.14 ; 1466;0.05 ; 208;0.17 ; 30146;1.00 
XXX ; /tmp/gals-1626786679/ ; 50-110% ; 600 ; 5 ; 40 ; 25000 ; 3000000 ; 120079 ; 111 ;    1.55 ;    2.16 ; 2277;0.08 ; 169;0.14 ; 30354;1.01 
XXX ; /tmp/gals-1626787283/ ; 50-110% ; 600 ; 5 ; 40 ; 25000 ; 3000000 ; 120048 ; 118 ;    1.49 ;    2.14 ; 1633;0.05 ; 170;0.14 ; 28749;0.96 
XXX ; /tmp/gals-1626787887/ ; 50-110% ; 600 ; 5 ; 40 ; 25000 ; 3000000 ; 120076 ; 113 ;    1.34 ;    2.11 ; 2244;0.07 ; 208;0.17 ; 27781;0.93 
XXX ; /tmp/gals-1626788491/ ; 50-110% ; 600 ; 5 ; 40 ; 25000 ; 3000000 ; 120077 ; 112 ;    1.32 ;    2.26 ; 2357;0.08 ; 216;0.18 ; 27687;0.92 
XXX ; /tmp/gals-1626789095/ ; 50-110% ; 600 ; 5 ; 50 ; 25000 ; 3000000 ; 150015 ; 114 ;    1.23 ;    2.10 ; 686;0.02 ; 384;0.26 ; 31580;1.05 
XXX ; /tmp/gals-1626789699/ ; 50-110% ; 600 ; 5 ; 50 ; 25000 ; 3000000 ; 150022 ; 114 ;    1.40 ;    2.21 ; 868;0.03 ; 410;0.27 ; 32155;1.07 
XXX ; /tmp/gals-1626790304/ ; 50-110% ; 600 ; 5 ; 50 ; 25000 ; 3000000 ; 150011 ; 122 ;    1.23 ;    2.25 ; 503;0.02 ; 422;0.28 ; 29497;0.98 
XXX ; /tmp/gals-1626790908/ ; 50-110% ; 600 ; 5 ; 50 ; 25000 ; 3000000 ; 150003 ; 121 ;    1.48 ;    2.07 ; 397;0.01 ; 417;0.28 ; 35386;1.18 
XXX ; /tmp/gals-1626791512/ ; 50-110% ; 600 ; 5 ; 50 ; 25000 ; 3000000 ; 150008 ; 107 ;    1.44 ;    2.07 ; 502;0.02 ; 417;0.28 ; 33844;1.13 
XXX ; /tmp/gals-1626792116/ ; 50-110% ; 600 ; 5 ; 100 ; 25000 ; 3000000 ; 300014 ; 126 ;    1.43 ;    2.22 ; 473;0.02 ; 1259;0.42 ; 69370;2.31 
XXX ; /tmp/gals-1626792720/ ; 50-110% ; 600 ; 5 ; 100 ; 25000 ; 3000000 ; 300051 ; 118 ;    1.82 ;    2.38 ; 881;0.03 ; 1287;0.43 ; 69656;2.32 
XXX ; /tmp/gals-1626793324/ ; 50-110% ; 600 ; 5 ; 100 ; 25000 ; 3000000 ; 300061 ; 121 ;    1.68 ;    2.30 ; 964;0.03 ; 1390;0.46 ; 68553;2.29 
XXX ; /tmp/gals-1626793928/ ; 50-110% ; 600 ; 5 ; 100 ; 25000 ; 3000000 ; 300015 ; 124 ;    1.49 ;    2.21 ; 539;0.02 ; 1306;0.44 ; 66463;2.22 
XXX ; /tmp/gals-1626794532/ ; 50-110% ; 600 ; 5 ; 100 ; 25000 ; 3000000 ; 300018 ; 124 ;    1.45 ;    2.35 ; 540;0.02 ; 1317;0.44 ; 70068;2.34 
XXX ; /tmp/gals-1626795136/ ; 50-110% ; 600 ; 5 ; 10 ; 5000 ; 3000000 ; 30000 ; 584 ;    1.31 ;    2.08 ; 5;0.00 ; 0;0.00 ; 10453;0.35 
XXX ; /tmp/gals-1626795740/ ; 50-110% ; 600 ; 5 ; 10 ; 5000 ; 3000000 ; 30000 ; 589 ;    1.68 ;    2.21 ; 93;0.00 ; 0;0.00 ; 11159;0.37 
XXX ; /tmp/gals-1626796344/ ; 50-110% ; 600 ; 5 ; 10 ; 5000 ; 3000000 ; 29999 ; 598 ;    1.74 ;    2.09 ; 3;0.00 ; 0;0.00 ; 12892;0.43 
XXX ; /tmp/gals-1626796949/ ; 50-110% ; 600 ; 5 ; 10 ; 5000 ; 3000000 ; 30000 ; 580 ;    2.24 ;    2.10 ; 148;0.00 ; 0;0.00 ; 14084;0.47 
XXX ; /tmp/gals-1626797553/ ; 50-110% ; 600 ; 5 ; 10 ; 5000 ; 3000000 ; 30000 ; 597 ;    2.17 ;    2.13 ; 4;0.00 ; 0;0.00 ; 13704;0.46 
XXX ; /tmp/gals-1626798157/ ; 50-110% ; 600 ; 5 ; 20 ; 5000 ; 3000000 ; 59995 ; 559 ;    2.12 ;    2.11 ; 19;0.00 ; 0;0.00 ; 25923;0.86 
XXX ; /tmp/gals-1626798761/ ; 50-110% ; 600 ; 5 ; 20 ; 5000 ; 3000000 ; 59998 ; 589 ;    1.53 ;    2.13 ; 176;0.01 ; 0;0.00 ; 25011;0.83 
XXX ; /tmp/gals-1626799365/ ; 50-110% ; 600 ; 5 ; 20 ; 5000 ; 3000000 ; 59990 ; 614 ;    1.47 ;    2.13 ; 17;0.00 ; 0;0.00 ; 26986;0.90 
XXX ; /tmp/gals-1626799969/ ; 50-110% ; 600 ; 5 ; 20 ; 5000 ; 3000000 ; 59995 ; 622 ;    2.03 ;    2.12 ; 34;0.00 ; 0;0.00 ; 26019;0.87 
XXX ; /tmp/gals-1626800573/ ; 50-110% ; 600 ; 5 ; 20 ; 5000 ; 3000000 ; 59995 ; 599 ;    1.96 ;    2.10 ; 61;0.00 ; 0;0.00 ; 24393;0.81 
XXX ; /tmp/gals-1626801177/ ; 50-110% ; 600 ; 5 ; 40 ; 5000 ; 3000000 ; 120072 ; 597 ;    2.13 ;    2.13 ; 2212;0.07 ; 412;0.34 ; 40489;1.35 
XXX ; /tmp/gals-1626801781/ ; 50-110% ; 600 ; 5 ; 40 ; 5000 ; 3000000 ; 120046 ; 591 ;    1.74 ;    2.12 ; 1547;0.05 ; 364;0.30 ; 40743;1.36 
XXX ; /tmp/gals-1626802385/ ; 50-110% ; 600 ; 5 ; 40 ; 5000 ; 3000000 ; 120036 ; 616 ;    2.10 ;    2.16 ; 1305;0.04 ; 400;0.33 ; 40225;1.34 
XXX ; /tmp/gals-1626802989/ ; 50-110% ; 600 ; 5 ; 40 ; 5000 ; 3000000 ; 120114 ; 595 ;    1.65 ;    2.21 ; 3442;0.11 ; 425;0.35 ; 38859;1.30 
XXX ; /tmp/gals-1626803593/ ; 50-110% ; 600 ; 5 ; 40 ; 5000 ; 3000000 ; 120098 ; 633 ;    2.34 ;    2.15 ; 2989;0.10 ; 418;0.35 ; 39856;1.33 
XXX ; /tmp/gals-1626804197/ ; 50-110% ; 600 ; 5 ; 50 ; 5000 ; 3000000 ; 150018 ; 606 ;    1.82 ;    2.08 ; 659;0.02 ; 1199;0.80 ; 47187;1.57 
XXX ; /tmp/gals-1626804801/ ; 50-110% ; 600 ; 5 ; 50 ; 5000 ; 3000000 ; 150092 ; 593 ;    1.68 ;    2.17 ; 2520;0.08 ; 1054;0.70 ; 41667;1.39 
XXX ; /tmp/gals-1626805406/ ; 50-110% ; 600 ; 5 ; 50 ; 5000 ; 3000000 ; 150017 ; 587 ;    1.24 ;    2.09 ; 748;0.02 ; 1076;0.72 ; 42020;1.40 
XXX ; /tmp/gals-1626806010/ ; 50-110% ; 600 ; 5 ; 50 ; 5000 ; 3000000 ; 150014 ; 591 ;    1.47 ;    2.09 ; 668;0.02 ; 1073;0.72 ; 43825;1.46 
XXX ; /tmp/gals-1626806614/ ; 50-110% ; 600 ; 5 ; 50 ; 5000 ; 3000000 ; 150005 ; 597 ;    1.97 ;    2.10 ; 422;0.01 ; 1148;0.77 ; 43020;1.43 
XXX ; /tmp/gals-1626807218/ ; 50-110% ; 600 ; 5 ; 100 ; 5000 ; 3000000 ; 301180 ; 623 ;    1.58 ;    2.64 ; 12938;0.43 ; 3855;1.28 ; 74292;2.48 
XXX ; /tmp/gals-1626807822/ ; 50-110% ; 600 ; 5 ; 100 ; 5000 ; 3000000 ; 300033 ; 595 ;    1.33 ;    2.20 ; 734;0.02 ; 3653;1.22 ; 72558;2.42 
XXX ; /tmp/gals-1626808426/ ; 50-110% ; 600 ; 5 ; 100 ; 5000 ; 3000000 ; 300044 ; 601 ;    1.47 ;    2.23 ; 824;0.03 ; 3685;1.23 ; 74209;2.47 
XXX ; /tmp/gals-1626809030/ ; 50-110% ; 600 ; 5 ; 100 ; 5000 ; 3000000 ; 301331 ; 601 ;    1.65 ;    2.72 ; 14327;0.48 ; 3639;1.21 ; 73437;2.45 
XXX ; /tmp/gals-1626809634/ ; 50-110% ; 600 ; 5 ; 100 ; 5000 ; 3000000 ; 300789 ; 583 ;    1.92 ;    2.55 ; 8529;0.28 ; 3598;1.20 ; 74775;2.49 
XXX ; /tmp/gals-1626810238/ ; 50-110% ; 600 ; 5 ; 10 ; 500 ; 3000000 ; 30055 ; 5864 ;    8.80 ;   63.76 ; 15895;0.53 ; 0;0.00 ; 46807;1.56 
XXX ; /tmp/gals-1626810842/ ; 50-110% ; 600 ; 5 ; 10 ; 500 ; 3000000 ; 30070 ; 5877 ;    7.79 ;   68.27 ; 18257;0.61 ; 0;0.00 ; 46994;1.57 
XXX ; /tmp/gals-1626811446/ ; 50-110% ; 600 ; 5 ; 10 ; 500 ; 3000000 ; 30055 ; 5884 ;    8.38 ;   83.54 ; 15826;0.53 ; 0;0.00 ; 45853;1.53 
XXX ; /tmp/gals-1626812051/ ; 50-110% ; 600 ; 5 ; 10 ; 500 ; 3000000 ; 30065 ; 5888 ;    5.34 ;   67.30 ; 18043;0.60 ; 0;0.00 ; 47654;1.59 
XXX ; /tmp/gals-1626812655/ ; 50-110% ; 600 ; 5 ; 10 ; 500 ; 3000000 ; 30055 ; 5885 ;    9.37 ;  111.01 ; 16968;0.57 ; 0;0.00 ; 46146;1.54 
XXX ; /tmp/gals-1626813259/ ; 50-110% ; 600 ; 5 ; 20 ; 500 ; 3000000 ; 60201 ; 5958 ;    7.99 ;    2.66 ; 25018;0.83 ; 0;0.00 ; 109110;3.64 
XXX ; /tmp/gals-1626813863/ ; 50-110% ; 600 ; 5 ; 20 ; 500 ; 3000000 ; 60279 ; 5944 ;    7.13 ;    2.68 ; 35430;1.18 ; 0;0.00 ; 109887;3.66 
XXX ; /tmp/gals-1626814467/ ; 50-110% ; 600 ; 5 ; 20 ; 500 ; 3000000 ; 60256 ; 6014 ;    7.23 ;    2.67 ; 32014;1.07 ; 1;0.00 ; 110193;3.67 
